"ANALYTE","COLOR","CSO","DATA","POSTED","SAMPLE_DATE","SOURCE"
"COLI_E",NA,NA,"<10",NA,"2016-10-24 00:00:00.0","BAY#202.4_SL"
"COLI_TOTAL",NA,NA,"<10",NA,"2016-10-24 00:00:00.0","BAY#202.4_SL"
"ENTERO",NA,NA,"10",NA,"2016-10-24 00:00:00.0","BAY#202.4_SL"
"COLI_E",NA,NA,"10",NA,"2016-10-18 00:00:00.0","BAY#202.4_SL"
"COLI_TOTAL",NA,NA,"216",NA,"2016-10-18 00:00:00.0","BAY#202.4_SL"
"ENTERO",NA,NA,"<10",NA,"2016-10-18 00:00:00.0","BAY#202.4_SL"
"COLI_E",NA,NA,"464",NA,"2016-10-17 00:00:00.0","BAY#202.4_SL"
"COLI_TOTAL",NA,NA,"5475",NA,"2016-10-17 00:00:00.0","BAY#202.4_SL"
"ENTERO",NA,NA,"41",NA,"2016-10-17 00:00:00.0","BAY#202.4_SL"
"COLI_E",NA,NA,"<10",NA,"2016-10-11 00:00:00.0","BAY#202.4_SL"
"COLI_TOTAL",NA,NA,"<10",NA,"2016-10-11 00:00:00.0","BAY#202.4_SL"
"ENTERO",NA,NA,"10",NA,"2016-10-11 00:00:00.0","BAY#202.4_SL"
"COLI_E",NA,NA,"<10",NA,"2016-10-03 00:00:00.0","BAY#202.4_SL"
"COLI_TOTAL",NA,NA,"<10",NA,"2016-10-03 00:00:00.0","BAY#202.4_SL"
"ENTERO",NA,NA,"<10",NA,"2016-10-03 00:00:00.0","BAY#202.4_SL"
"COLI_E",NA,NA,"<10",NA,"2016-09-26 00:00:00.0","BAY#202.4_SL"
"COLI_TOTAL",NA,NA,"31",NA,"2016-09-26 00:00:00.0","BAY#202.4_SL"
"ENTERO",NA,NA,"30",NA,"2016-09-26 00:00:00.0","BAY#202.4_SL"
"COLI_E",NA,NA,"<10",NA,"2016-09-19 00:00:00.0","BAY#202.4_SL"
"COLI_TOTAL",NA,NA,"<10",NA,"2016-09-19 00:00:00.0","BAY#202.4_SL"
"ENTERO",NA,NA,"<10",NA,"2016-09-19 00:00:00.0","BAY#202.4_SL"
"COLI_E",NA,NA,"<10",NA,"2016-09-12 00:00:00.0","BAY#202.4_SL"
"COLI_TOTAL",NA,NA,"<10",NA,"2016-09-12 00:00:00.0","BAY#202.4_SL"
"ENTERO",NA,NA,"<10",NA,"2016-09-12 00:00:00.0","BAY#202.4_SL"
"COLI_E",NA,NA,"10",NA,"2016-09-06 00:00:00.0","BAY#202.4_SL"
"COLI_TOTAL",NA,NA,"20",NA,"2016-09-06 00:00:00.0","BAY#202.4_SL"
"ENTERO",NA,NA,"<10",NA,"2016-09-06 00:00:00.0","BAY#202.4_SL"
"COLI_E",NA,NA,"41",NA,"2016-08-29 00:00:00.0","BAY#202.4_SL"
"COLI_TOTAL",NA,NA,"84",NA,"2016-08-29 00:00:00.0","BAY#202.4_SL"
"ENTERO",NA,NA,"41",NA,"2016-08-29 00:00:00.0","BAY#202.4_SL"
"COLI_E",NA,NA,"10",NA,"2016-08-22 00:00:00.0","BAY#202.4_SL"
"COLI_TOTAL",NA,NA,"74",NA,"2016-08-22 00:00:00.0","BAY#202.4_SL"
"ENTERO",NA,NA,"10",NA,"2016-08-22 00:00:00.0","BAY#202.4_SL"
"COLI_E",NA,NA,"30",NA,"2016-08-15 00:00:00.0","BAY#202.4_SL"
"COLI_TOTAL",NA,NA,"160",NA,"2016-08-15 00:00:00.0","BAY#202.4_SL"
"ENTERO",NA,NA,"52",NA,"2016-08-15 00:00:00.0","BAY#202.4_SL"
"COLI_E",NA,NA,"<10",NA,"2016-08-08 00:00:00.0","BAY#202.4_SL"
"COLI_TOTAL",NA,NA,"20",NA,"2016-08-08 00:00:00.0","BAY#202.4_SL"
"ENTERO",NA,NA,"<10",NA,"2016-08-08 00:00:00.0","BAY#202.4_SL"
"COLI_E",NA,NA,"<10",NA,"2016-08-01 00:00:00.0","BAY#202.4_SL"
"COLI_TOTAL",NA,NA,"<10",NA,"2016-08-01 00:00:00.0","BAY#202.4_SL"
"ENTERO",NA,NA,"<10",NA,"2016-08-01 00:00:00.0","BAY#202.4_SL"
"COLI_E",NA,NA,"<10",NA,"2016-10-24 00:00:00.0","BAY#202.5_SL"
"COLI_TOTAL",NA,NA,"<10",NA,"2016-10-24 00:00:00.0","BAY#202.5_SL"
"ENTERO",NA,NA,"10",NA,"2016-10-24 00:00:00.0","BAY#202.5_SL"
"COLI_E",NA,NA,"243",NA,"2016-10-17 00:00:00.0","BAY#202.5_SL"
"COLI_TOTAL",NA,NA,"4106",NA,"2016-10-17 00:00:00.0","BAY#202.5_SL"
"ENTERO",NA,NA,"20",NA,"2016-10-17 00:00:00.0","BAY#202.5_SL"
"COLI_E",NA,NA,"<10",NA,"2016-10-11 00:00:00.0","BAY#202.5_SL"
"COLI_TOTAL",NA,NA,"41",NA,"2016-10-11 00:00:00.0","BAY#202.5_SL"
"ENTERO",NA,NA,"10",NA,"2016-10-11 00:00:00.0","BAY#202.5_SL"
"COLI_E",NA,NA,"<10",NA,"2016-10-03 00:00:00.0","BAY#202.5_SL"
"COLI_TOTAL",NA,NA,"10",NA,"2016-10-03 00:00:00.0","BAY#202.5_SL"
"ENTERO",NA,NA,"<10",NA,"2016-10-03 00:00:00.0","BAY#202.5_SL"
"COLI_E",NA,NA,"20",NA,"2016-09-26 00:00:00.0","BAY#202.5_SL"
"COLI_TOTAL",NA,NA,"20",NA,"2016-09-26 00:00:00.0","BAY#202.5_SL"
"ENTERO",NA,NA,"<10",NA,"2016-09-26 00:00:00.0","BAY#202.5_SL"
"COLI_E",NA,NA,"<10",NA,"2016-09-19 00:00:00.0","BAY#202.5_SL"
"COLI_TOTAL",NA,NA,"<10",NA,"2016-09-19 00:00:00.0","BAY#202.5_SL"
"ENTERO",NA,NA,"<10",NA,"2016-09-19 00:00:00.0","BAY#202.5_SL"
"COLI_E",NA,NA,"10",NA,"2016-09-12 00:00:00.0","BAY#202.5_SL"
"COLI_TOTAL",NA,NA,"20",NA,"2016-09-12 00:00:00.0","BAY#202.5_SL"
"ENTERO",NA,NA,"<10",NA,"2016-09-12 00:00:00.0","BAY#202.5_SL"
"COLI_E",NA,NA,"<10",NA,"2016-09-06 00:00:00.0","BAY#202.5_SL"
"COLI_TOTAL",NA,NA,"<10",NA,"2016-09-06 00:00:00.0","BAY#202.5_SL"
"ENTERO",NA,NA,"<10",NA,"2016-09-06 00:00:00.0","BAY#202.5_SL"
"COLI_E",NA,NA,"<10",NA,"2016-08-29 00:00:00.0","BAY#202.5_SL"
"COLI_TOTAL",NA,NA,"10",NA,"2016-08-29 00:00:00.0","BAY#202.5_SL"
"ENTERO",NA,NA,"10",NA,"2016-08-29 00:00:00.0","BAY#202.5_SL"
"COLI_E",NA,NA,"41",NA,"2016-08-22 00:00:00.0","BAY#202.5_SL"
"COLI_TOTAL",NA,NA,"52",NA,"2016-08-22 00:00:00.0","BAY#202.5_SL"
"ENTERO",NA,NA,"<10",NA,"2016-08-22 00:00:00.0","BAY#202.5_SL"
"COLI_E",NA,NA,"<10",NA,"2016-08-15 00:00:00.0","BAY#202.5_SL"
"COLI_TOTAL",NA,NA,"204",NA,"2016-08-15 00:00:00.0","BAY#202.5_SL"
"ENTERO",NA,NA,"<10",NA,"2016-08-15 00:00:00.0","BAY#202.5_SL"
"COLI_E",NA,NA,"<10",NA,"2016-08-08 00:00:00.0","BAY#202.5_SL"
"COLI_TOTAL",NA,NA,"2489",NA,"2016-08-08 00:00:00.0","BAY#202.5_SL"
"ENTERO",NA,NA,"<10",NA,"2016-08-08 00:00:00.0","BAY#202.5_SL"
"COLI_E",NA,NA,"<10",NA,"2016-08-01 00:00:00.0","BAY#202.5_SL"
"COLI_TOTAL",NA,NA,"<10",NA,"2016-08-01 00:00:00.0","BAY#202.5_SL"
"ENTERO",NA,NA,"<10",NA,"2016-08-01 00:00:00.0","BAY#202.5_SL"
"COLI_E",NA,NA,"<10",NA,"2016-10-24 00:00:00.0","BAY#210.1_SL"
"COLI_TOTAL",NA,NA,"10",NA,"2016-10-24 00:00:00.0","BAY#210.1_SL"
"ENTERO",NA,NA,"10",NA,"2016-10-24 00:00:00.0","BAY#210.1_SL"
"COLI_E",NA,NA,"323",NA,"2016-10-17 00:00:00.0","BAY#210.1_SL"
"COLI_TOTAL",NA,NA,"4106",NA,"2016-10-17 00:00:00.0","BAY#210.1_SL"
"ENTERO",NA,NA,"31",NA,"2016-10-17 00:00:00.0","BAY#210.1_SL"
"COLI_E",NA,NA,"<10",NA,"2016-10-11 00:00:00.0","BAY#210.1_SL"
"COLI_TOTAL",NA,NA,"<10",NA,"2016-10-11 00:00:00.0","BAY#210.1_SL"
"ENTERO",NA,NA,"10",NA,"2016-10-11 00:00:00.0","BAY#210.1_SL"
"COLI_E",NA,NA,"<10",NA,"2016-10-03 00:00:00.0","BAY#210.1_SL"
"COLI_TOTAL",NA,NA,"20",NA,"2016-10-03 00:00:00.0","BAY#210.1_SL"
"ENTERO",NA,NA,"<10",NA,"2016-10-03 00:00:00.0","BAY#210.1_SL"
"COLI_E",NA,NA,"<10",NA,"2016-09-26 00:00:00.0","BAY#210.1_SL"
"COLI_TOTAL",NA,NA,"10",NA,"2016-09-26 00:00:00.0","BAY#210.1_SL"
"ENTERO",NA,NA,"<10",NA,"2016-09-26 00:00:00.0","BAY#210.1_SL"
"COLI_E",NA,NA,"10",NA,"2016-09-19 00:00:00.0","BAY#210.1_SL"
"COLI_TOTAL",NA,NA,"20",NA,"2016-09-19 00:00:00.0","BAY#210.1_SL"
"ENTERO",NA,NA,"<10",NA,"2016-09-19 00:00:00.0","BAY#210.1_SL"
"COLI_E",NA,NA,"<10",NA,"2016-09-12 00:00:00.0","BAY#210.1_SL"
"COLI_TOTAL",NA,NA,"<10",NA,"2016-09-12 00:00:00.0","BAY#210.1_SL"
"ENTERO",NA,NA,"<10",NA,"2016-09-12 00:00:00.0","BAY#210.1_SL"
"COLI_E",NA,NA,"10",NA,"2016-09-06 00:00:00.0","BAY#210.1_SL"
"COLI_TOTAL",NA,NA,"20",NA,"2016-09-06 00:00:00.0","BAY#210.1_SL"
"ENTERO",NA,NA,"<10",NA,"2016-09-06 00:00:00.0","BAY#210.1_SL"
"COLI_E",NA,NA,"10",NA,"2016-08-29 00:00:00.0","BAY#210.1_SL"
"COLI_TOTAL",NA,NA,"20",NA,"2016-08-29 00:00:00.0","BAY#210.1_SL"
"ENTERO",NA,NA,"<10",NA,"2016-08-29 00:00:00.0","BAY#210.1_SL"
"COLI_E",NA,NA,"10",NA,"2016-08-22 00:00:00.0","BAY#210.1_SL"
"COLI_TOTAL",NA,NA,"30",NA,"2016-08-22 00:00:00.0","BAY#210.1_SL"
"ENTERO",NA,NA,"<10",NA,"2016-08-22 00:00:00.0","BAY#210.1_SL"
"COLI_E",NA,NA,"<10",NA,"2016-08-15 00:00:00.0","BAY#210.1_SL"
"COLI_TOTAL",NA,NA,"<10",NA,"2016-08-15 00:00:00.0","BAY#210.1_SL"
"ENTERO",NA,NA,"<10",NA,"2016-08-15 00:00:00.0","BAY#210.1_SL"
"COLI_E",NA,NA,"10",NA,"2016-08-08 00:00:00.0","BAY#210.1_SL"
"COLI_TOTAL",NA,NA,"10",NA,"2016-08-08 00:00:00.0","BAY#210.1_SL"
"ENTERO",NA,NA,"<10",NA,"2016-08-08 00:00:00.0","BAY#210.1_SL"
"COLI_E",NA,NA,"<10",NA,"2016-08-01 00:00:00.0","BAY#210.1_SL"
"COLI_TOTAL",NA,NA,"10",NA,"2016-08-01 00:00:00.0","BAY#210.1_SL"
"ENTERO",NA,NA,"<10",NA,"2016-08-01 00:00:00.0","BAY#210.1_SL"
"COLI_E",NA,NA,"20",NA,"2016-10-24 00:00:00.0","BAY#211_SL"
"COLI_TOTAL",NA,NA,"20",NA,"2016-10-24 00:00:00.0","BAY#211_SL"
"ENTERO",NA,NA,"<10",NA,"2016-10-24 00:00:00.0","BAY#211_SL"
"COLI_E",NA,NA,"73",NA,"2016-10-18 00:00:00.0","BAY#211_SL"
"COLI_TOTAL",NA,NA,"488",NA,"2016-10-18 00:00:00.0","BAY#211_SL"
"ENTERO",NA,NA,"10",NA,"2016-10-18 00:00:00.0","BAY#211_SL"
"COLI_E",NA,NA,"246",NA,"2016-10-17 00:00:00.0","BAY#211_SL"
"COLI_TOTAL",NA,NA,"3873",NA,"2016-10-17 00:00:00.0","BAY#211_SL"
"ENTERO",NA,NA,"160",NA,"2016-10-17 00:00:00.0","BAY#211_SL"
"COLI_E",NA,NA,"<10",NA,"2016-10-11 00:00:00.0","BAY#211_SL"
"COLI_TOTAL",NA,NA,"<10",NA,"2016-10-11 00:00:00.0","BAY#211_SL"
"ENTERO",NA,NA,"10",NA,"2016-10-11 00:00:00.0","BAY#211_SL"
"COLI_E",NA,NA,"<10",NA,"2016-10-03 00:00:00.0","BAY#211_SL"
"COLI_TOTAL",NA,NA,"10",NA,"2016-10-03 00:00:00.0","BAY#211_SL"
"ENTERO",NA,NA,"<10",NA,"2016-10-03 00:00:00.0","BAY#211_SL"
"COLI_E",NA,NA,"<10",NA,"2016-09-26 00:00:00.0","BAY#211_SL"
"COLI_TOTAL",NA,NA,"10",NA,"2016-09-26 00:00:00.0","BAY#211_SL"
"ENTERO",NA,NA,"<10",NA,"2016-09-26 00:00:00.0","BAY#211_SL"
"COLI_E",NA,NA,"52",NA,"2016-09-19 00:00:00.0","BAY#211_SL"
"COLI_TOTAL",NA,NA,"160",NA,"2016-09-19 00:00:00.0","BAY#211_SL"
"ENTERO",NA,NA,"30",NA,"2016-09-19 00:00:00.0","BAY#211_SL"
"COLI_E",NA,NA,"<10",NA,"2016-09-12 00:00:00.0","BAY#211_SL"
"COLI_TOTAL",NA,NA,"52",NA,"2016-09-12 00:00:00.0","BAY#211_SL"
"ENTERO",NA,NA,"<10",NA,"2016-09-12 00:00:00.0","BAY#211_SL"
"COLI_E",NA,NA,"<10",NA,"2016-09-06 00:00:00.0","BAY#211_SL"
"COLI_TOTAL",NA,NA,"10",NA,"2016-09-06 00:00:00.0","BAY#211_SL"
"ENTERO",NA,NA,"<10",NA,"2016-09-06 00:00:00.0","BAY#211_SL"
"COLI_E",NA,NA,"122",NA,"2016-08-29 00:00:00.0","BAY#211_SL"
"COLI_TOTAL",NA,NA,"161",NA,"2016-08-29 00:00:00.0","BAY#211_SL"
"ENTERO",NA,NA,"20",NA,"2016-08-29 00:00:00.0","BAY#211_SL"
"COLI_E",NA,NA,"<10",NA,"2016-08-22 00:00:00.0","BAY#211_SL"
"COLI_TOTAL",NA,NA,"20",NA,"2016-08-22 00:00:00.0","BAY#211_SL"
"ENTERO",NA,NA,"<10",NA,"2016-08-22 00:00:00.0","BAY#211_SL"
"COLI_E",NA,NA,"<10",NA,"2016-08-16 00:00:00.0","BAY#211_SL"
"COLI_TOTAL",NA,NA,"73",NA,"2016-08-16 00:00:00.0","BAY#211_SL"
"ENTERO",NA,NA,"10",NA,"2016-08-16 00:00:00.0","BAY#211_SL"
"COLI_E",NA,NA,"548",NA,"2016-08-15 00:00:00.0","BAY#211_SL"
"COLI_TOTAL",NA,NA,"663",NA,"2016-08-15 00:00:00.0","BAY#211_SL"
"ENTERO",NA,NA,"471",NA,"2016-08-15 00:00:00.0","BAY#211_SL"
"COLI_E",NA,NA,"20",NA,"2016-08-08 00:00:00.0","BAY#211_SL"
"COLI_TOTAL",NA,NA,"663",NA,"2016-08-08 00:00:00.0","BAY#211_SL"
"ENTERO",NA,NA,"10",NA,"2016-08-08 00:00:00.0","BAY#211_SL"
"COLI_E",NA,NA,"110",NA,"2016-08-01 00:00:00.0","BAY#211_SL"
"COLI_TOTAL",NA,NA,"259",NA,"2016-08-01 00:00:00.0","BAY#211_SL"
"ENTERO",NA,NA,"10",NA,"2016-08-01 00:00:00.0","BAY#211_SL"
"COLI_E",NA,NA,"197",NA,"2016-10-24 00:00:00.0","BAY#300.1_SL"
"COLI_TOTAL",NA,NA,"512",NA,"2016-10-24 00:00:00.0","BAY#300.1_SL"
"ENTERO",NA,NA,"52",NA,"2016-10-24 00:00:00.0","BAY#300.1_SL"
"COLI_E",NA,NA,"173",NA,"2016-10-18 00:00:00.0","BAY#300.1_SL"
"COLI_TOTAL",NA,NA,"2755",NA,"2016-10-18 00:00:00.0","BAY#300.1_SL"
"ENTERO",NA,NA,"31",NA,"2016-10-18 00:00:00.0","BAY#300.1_SL"
"COLI_E",NA,NA,"839",NA,"2016-10-17 00:00:00.0","BAY#300.1_SL"
"COLI_TOTAL",NA,NA,"12997",NA,"2016-10-17 00:00:00.0","BAY#300.1_SL"
"ENTERO",NA,NA,"75",NA,"2016-10-17 00:00:00.0","BAY#300.1_SL"
"COLI_E",NA,NA,"10",NA,"2016-10-11 00:00:00.0","BAY#300.1_SL"
"COLI_TOTAL",NA,NA,"30",NA,"2016-10-11 00:00:00.0","BAY#300.1_SL"
"ENTERO",NA,NA,"10",NA,"2016-10-11 00:00:00.0","BAY#300.1_SL"
"COLI_E",NA,NA,"10",NA,"2016-10-03 00:00:00.0","BAY#300.1_SL"
"COLI_TOTAL",NA,NA,"74",NA,"2016-10-03 00:00:00.0","BAY#300.1_SL"
"ENTERO",NA,NA,"<10",NA,"2016-10-03 00:00:00.0","BAY#300.1_SL"
"COLI_E",NA,NA,"86",NA,"2016-09-26 00:00:00.0","BAY#300.1_SL"
"COLI_TOTAL",NA,NA,"336",NA,"2016-09-26 00:00:00.0","BAY#300.1_SL"
"ENTERO",NA,NA,"31",NA,"2016-09-26 00:00:00.0","BAY#300.1_SL"
"COLI_E",NA,NA,"30",NA,"2016-09-19 00:00:00.0","BAY#300.1_SL"
"COLI_TOTAL",NA,NA,"4611",NA,"2016-09-19 00:00:00.0","BAY#300.1_SL"
"ENTERO",NA,NA,"10",NA,"2016-09-19 00:00:00.0","BAY#300.1_SL"
"COLI_E",NA,NA,"85",NA,"2016-09-12 00:00:00.0","BAY#300.1_SL"
"COLI_TOTAL",NA,NA,"259",NA,"2016-09-12 00:00:00.0","BAY#300.1_SL"
"ENTERO",NA,NA,"10",NA,"2016-09-12 00:00:00.0","BAY#300.1_SL"
"COLI_E",NA,NA,"52",NA,"2016-09-06 00:00:00.0","BAY#300.1_SL"
"COLI_TOTAL",NA,NA,"432",NA,"2016-09-06 00:00:00.0","BAY#300.1_SL"
"ENTERO",NA,NA,"<10",NA,"2016-09-06 00:00:00.0","BAY#300.1_SL"
"COLI_E",NA,NA,"285",NA,"2016-08-29 00:00:00.0","BAY#300.1_SL"
"COLI_TOTAL",NA,NA,"663",NA,"2016-08-29 00:00:00.0","BAY#300.1_SL"
"ENTERO",NA,NA,"<10",NA,"2016-08-29 00:00:00.0","BAY#300.1_SL"
"COLI_E",NA,NA,"31",NA,"2016-08-22 00:00:00.0","BAY#300.1_SL"
"COLI_TOTAL",NA,NA,"213",NA,"2016-08-22 00:00:00.0","BAY#300.1_SL"
"ENTERO",NA,NA,"<10",NA,"2016-08-22 00:00:00.0","BAY#300.1_SL"
"COLI_E",NA,NA,"262",NA,"2016-08-15 00:00:00.0","BAY#300.1_SL"
"COLI_TOTAL",NA,NA,"836",NA,"2016-08-15 00:00:00.0","BAY#300.1_SL"
"ENTERO",NA,NA,"74",NA,"2016-08-15 00:00:00.0","BAY#300.1_SL"
"COLI_E",NA,NA,"30",NA,"2016-08-08 00:00:00.0","BAY#300.1_SL"
"COLI_TOTAL",NA,NA,"171",NA,"2016-08-08 00:00:00.0","BAY#300.1_SL"
"ENTERO",NA,NA,"10",NA,"2016-08-08 00:00:00.0","BAY#300.1_SL"
"COLI_E",NA,NA,"20",NA,"2016-08-02 00:00:00.0","BAY#300.1_SL"
"COLI_TOTAL",NA,NA,"132",NA,"2016-08-02 00:00:00.0","BAY#300.1_SL"
"ENTERO",NA,NA,"10",NA,"2016-08-02 00:00:00.0","BAY#300.1_SL"
"COLI_E",NA,NA,"538",NA,"2016-08-01 00:00:00.0","BAY#300.1_SL"
"COLI_TOTAL",NA,NA,"959",NA,"2016-08-01 00:00:00.0","BAY#300.1_SL"
"ENTERO",NA,NA,"680",NA,"2016-08-01 00:00:00.0","BAY#300.1_SL"
"COLI_E",NA,NA,"63",NA,"2016-10-26 00:00:00.0","BAY#301.1_SL"
"COLI_TOTAL",NA,NA,"465",NA,"2016-10-26 00:00:00.0","BAY#301.1_SL"
"ENTERO",NA,NA,"10",NA,"2016-10-26 00:00:00.0","BAY#301.1_SL"
"COLI_E",NA,NA,"1467",NA,"2016-10-25 00:00:00.0","BAY#301.1_SL"
"COLI_TOTAL",NA,NA,"2723",NA,"2016-10-25 00:00:00.0","BAY#301.1_SL"
"ENTERO",NA,NA,"279",NA,"2016-10-25 00:00:00.0","BAY#301.1_SL"
"COLI_E",NA,NA,"359",NA,"2016-10-24 00:00:00.0","BAY#301.1_SL"
"COLI_TOTAL",NA,NA,"789",NA,"2016-10-24 00:00:00.0","BAY#301.1_SL"
"ENTERO",NA,NA,"243",NA,"2016-10-24 00:00:00.0","BAY#301.1_SL"
"COLI_E",NA,NA,"86",NA,"2016-10-18 00:00:00.0","BAY#301.1_SL"
"COLI_TOTAL",NA,NA,"987",NA,"2016-10-18 00:00:00.0","BAY#301.1_SL"
"ENTERO",NA,NA,"31",NA,"2016-10-18 00:00:00.0","BAY#301.1_SL"
"COLI_E",NA,NA,"627",NA,"2016-10-17 00:00:00.0","BAY#301.1_SL"
"COLI_TOTAL",NA,NA,"7701",NA,"2016-10-17 00:00:00.0","BAY#301.1_SL"
"ENTERO",NA,NA,"62",NA,"2016-10-17 00:00:00.0","BAY#301.1_SL"
"COLI_E",NA,NA,"98",NA,"2016-10-11 00:00:00.0","BAY#301.1_SL"
"COLI_TOTAL",NA,NA,"2924",NA,"2016-10-11 00:00:00.0","BAY#301.1_SL"
"ENTERO",NA,NA,"98",NA,"2016-10-11 00:00:00.0","BAY#301.1_SL"
"COLI_E",NA,NA,"146",NA,"2016-10-03 00:00:00.0","BAY#301.1_SL"
"COLI_TOTAL",NA,NA,"171",NA,"2016-10-03 00:00:00.0","BAY#301.1_SL"
"ENTERO",NA,NA,"20",NA,"2016-10-03 00:00:00.0","BAY#301.1_SL"
"COLI_E",NA,NA,"20",NA,"2016-09-27 00:00:00.0","BAY#301.1_SL"
"COLI_TOTAL",NA,NA,"2987",NA,"2016-09-27 00:00:00.0","BAY#301.1_SL"
"ENTERO",NA,NA,"<10",NA,"2016-09-27 00:00:00.0","BAY#301.1_SL"
"COLI_E",NA,NA,"<10",NA,"2016-09-26 00:00:00.0","BAY#301.1_SL"
"COLI_TOTAL",NA,NA,">24196",NA,"2016-09-26 00:00:00.0","BAY#301.1_SL"
"ENTERO",NA,NA,"<10",NA,"2016-09-26 00:00:00.0","BAY#301.1_SL"
"COLI_E",NA,NA,"10",NA,"2016-09-22 00:00:00.0","BAY#301.1_SL"
"COLI_TOTAL",NA,NA,"1095",NA,"2016-09-22 00:00:00.0","BAY#301.1_SL"
"ENTERO",NA,NA,"<10",NA,"2016-09-22 00:00:00.0","BAY#301.1_SL"
"COLI_E",NA,NA,"295",NA,"2016-09-21 00:00:00.0","BAY#301.1_SL"
"COLI_TOTAL",NA,NA,"19863",NA,"2016-09-21 00:00:00.0","BAY#301.1_SL"
"ENTERO",NA,NA,"30",NA,"2016-09-21 00:00:00.0","BAY#301.1_SL"
"COLI_E",NA,NA,"<10",NA,"2016-09-20 00:00:00.0","BAY#301.1_SL"
"COLI_TOTAL",NA,NA,"14136",NA,"2016-09-20 00:00:00.0","BAY#301.1_SL"
"ENTERO",NA,NA,"10",NA,"2016-09-20 00:00:00.0","BAY#301.1_SL"
"COLI_E",NA,NA,"52",NA,"2016-09-19 00:00:00.0","BAY#301.1_SL"
"COLI_TOTAL",NA,NA,"10462",NA,"2016-09-19 00:00:00.0","BAY#301.1_SL"
"ENTERO",NA,NA,"10",NA,"2016-09-19 00:00:00.0","BAY#301.1_SL"
"COLI_E",NA,NA,"52",NA,"2016-09-12 00:00:00.0","BAY#301.1_SL"
"COLI_TOTAL",NA,NA,"121",NA,"2016-09-12 00:00:00.0","BAY#301.1_SL"
"ENTERO",NA,NA,"<10",NA,"2016-09-12 00:00:00.0","BAY#301.1_SL"
"COLI_E",NA,NA,"86",NA,"2016-09-06 00:00:00.0","BAY#301.1_SL"
"COLI_TOTAL",NA,NA,"3448",NA,"2016-09-06 00:00:00.0","BAY#301.1_SL"
"ENTERO",NA,NA,"75",NA,"2016-09-06 00:00:00.0","BAY#301.1_SL"
"COLI_E",NA,NA,"20",NA,"2016-08-29 00:00:00.0","BAY#301.1_SL"
"COLI_TOTAL",NA,NA,"158",NA,"2016-08-29 00:00:00.0","BAY#301.1_SL"
"ENTERO",NA,NA,"20",NA,"2016-08-29 00:00:00.0","BAY#301.1_SL"
"COLI_E",NA,NA,"10",NA,"2016-08-22 00:00:00.0","BAY#301.1_SL"
"COLI_TOTAL",NA,NA,"336",NA,"2016-08-22 00:00:00.0","BAY#301.1_SL"
"ENTERO",NA,NA,"10",NA,"2016-08-22 00:00:00.0","BAY#301.1_SL"
"COLI_E",NA,NA,"63",NA,"2016-08-15 00:00:00.0","BAY#301.1_SL"
"COLI_TOTAL",NA,NA,"1203",NA,"2016-08-15 00:00:00.0","BAY#301.1_SL"
"ENTERO",NA,NA,"31",NA,"2016-08-15 00:00:00.0","BAY#301.1_SL"
"COLI_E",NA,NA,"41",NA,"2016-08-08 00:00:00.0","BAY#301.1_SL"
"COLI_TOTAL",NA,NA,"1198",NA,"2016-08-08 00:00:00.0","BAY#301.1_SL"
"ENTERO",NA,NA,"10",NA,"2016-08-08 00:00:00.0","BAY#301.1_SL"
"COLI_E",NA,NA,"52",NA,"2016-08-01 00:00:00.0","BAY#301.1_SL"
"COLI_TOTAL",NA,NA,"2755",NA,"2016-08-01 00:00:00.0","BAY#301.1_SL"
"ENTERO",NA,NA,"<10",NA,"2016-08-01 00:00:00.0","BAY#301.1_SL"
"COLI_E",NA,NA,"51",NA,"2016-10-24 00:00:00.0","BAY#301.2_SL"
"COLI_TOTAL",NA,NA,"118",NA,"2016-10-24 00:00:00.0","BAY#301.2_SL"
"ENTERO",NA,NA,"84",NA,"2016-10-24 00:00:00.0","BAY#301.2_SL"
"COLI_E",NA,NA,"203",NA,"2016-10-17 00:00:00.0","BAY#301.2_SL"
"COLI_TOTAL",NA,NA,"3873",NA,"2016-10-17 00:00:00.0","BAY#301.2_SL"
"ENTERO",NA,NA,"10",NA,"2016-10-17 00:00:00.0","BAY#301.2_SL"
"COLI_E",NA,NA,"10",NA,"2016-10-11 00:00:00.0","BAY#301.2_SL"
"COLI_TOTAL",NA,NA,"20",NA,"2016-10-11 00:00:00.0","BAY#301.2_SL"
"ENTERO",NA,NA,"<10",NA,"2016-10-11 00:00:00.0","BAY#301.2_SL"
"COLI_E",NA,NA,"<10",NA,"2016-10-03 00:00:00.0","BAY#301.2_SL"
"COLI_TOTAL",NA,NA,"20",NA,"2016-10-03 00:00:00.0","BAY#301.2_SL"
"ENTERO",NA,NA,"<10",NA,"2016-10-03 00:00:00.0","BAY#301.2_SL"
"COLI_E",NA,NA,"10",NA,"2016-09-26 00:00:00.0","BAY#301.2_SL"
"COLI_TOTAL",NA,NA,"146",NA,"2016-09-26 00:00:00.0","BAY#301.2_SL"
"ENTERO",NA,NA,"<10",NA,"2016-09-26 00:00:00.0","BAY#301.2_SL"
"COLI_E",NA,NA,"10",NA,"2016-09-20 00:00:00.0","BAY#301.2_SL"
"COLI_TOTAL",NA,NA,"10",NA,"2016-09-20 00:00:00.0","BAY#301.2_SL"
"ENTERO",NA,NA,"<10",NA,"2016-09-20 00:00:00.0","BAY#301.2_SL"
"COLI_E",NA,NA,"75",NA,"2016-09-19 00:00:00.0","BAY#301.2_SL"
"COLI_TOTAL",NA,NA,"109",NA,"2016-09-19 00:00:00.0","BAY#301.2_SL"
"ENTERO",NA,NA,"109",NA,"2016-09-19 00:00:00.0","BAY#301.2_SL"
"COLI_E",NA,NA,"41",NA,"2016-09-12 00:00:00.0","BAY#301.2_SL"
"COLI_TOTAL",NA,NA,"63",NA,"2016-09-12 00:00:00.0","BAY#301.2_SL"
"ENTERO",NA,NA,"<10",NA,"2016-09-12 00:00:00.0","BAY#301.2_SL"
"COLI_E",NA,NA,"<10",NA,"2016-09-06 00:00:00.0","BAY#301.2_SL"
"COLI_TOTAL",NA,NA,"<10",NA,"2016-09-06 00:00:00.0","BAY#301.2_SL"
"ENTERO",NA,NA,"10",NA,"2016-09-06 00:00:00.0","BAY#301.2_SL"
"COLI_E",NA,NA,"20",NA,"2016-08-29 00:00:00.0","BAY#301.2_SL"
"COLI_TOTAL",NA,NA,"30",NA,"2016-08-29 00:00:00.0","BAY#301.2_SL"
"ENTERO",NA,NA,"10",NA,"2016-08-29 00:00:00.0","BAY#301.2_SL"
"COLI_E",NA,NA,"121",NA,"2016-08-22 00:00:00.0","BAY#301.2_SL"
"COLI_TOTAL",NA,NA,"121",NA,"2016-08-22 00:00:00.0","BAY#301.2_SL"
"ENTERO",NA,NA,"30",NA,"2016-08-22 00:00:00.0","BAY#301.2_SL"
"COLI_E",NA,NA,"20",NA,"2016-08-15 00:00:00.0","BAY#301.2_SL"
"COLI_TOTAL",NA,NA,"41",NA,"2016-08-15 00:00:00.0","BAY#301.2_SL"
"ENTERO",NA,NA,"<10",NA,"2016-08-15 00:00:00.0","BAY#301.2_SL"
"COLI_E",NA,NA,"144",NA,"2016-08-08 00:00:00.0","BAY#301.2_SL"
"COLI_TOTAL",NA,NA,"221",NA,"2016-08-08 00:00:00.0","BAY#301.2_SL"
"ENTERO",NA,NA,"10",NA,"2016-08-08 00:00:00.0","BAY#301.2_SL"
"COLI_E",NA,NA,"109",NA,"2016-08-01 00:00:00.0","BAY#301.2_SL"
"COLI_TOTAL",NA,NA,"243",NA,"2016-08-01 00:00:00.0","BAY#301.2_SL"
"ENTERO",NA,NA,"20",NA,"2016-08-01 00:00:00.0","BAY#301.2_SL"
"COLI_E",NA,NA,"20",NA,"2016-10-24 00:00:00.0","BAY#320_SL"
"COLI_TOTAL",NA,NA,"432",NA,"2016-10-24 00:00:00.0","BAY#320_SL"
"ENTERO",NA,NA,"<10",NA,"2016-10-24 00:00:00.0","BAY#320_SL"
"COLI_E",NA,NA,"109",NA,"2016-10-20 00:00:00.0","BAY#320_SL"
"COLI_TOTAL",NA,NA,"1314",NA,"2016-10-20 00:00:00.0","BAY#320_SL"
"ENTERO",NA,NA,"<10",NA,"2016-10-20 00:00:00.0","BAY#320_SL"
"COLI_E",NA,NA,"1071",NA,"2016-10-19 00:00:00.0","BAY#320_SL"
"COLI_TOTAL",NA,NA,"17329",NA,"2016-10-19 00:00:00.0","BAY#320_SL"
"ENTERO",NA,NA,"148",NA,"2016-10-19 00:00:00.0","BAY#320_SL"
"COLI_E",NA,NA,">24196",NA,"2016-10-18 00:00:00.0","BAY#320_SL"
"COLI_TOTAL",NA,NA,">24196",NA,"2016-10-18 00:00:00.0","BAY#320_SL"
"ENTERO",NA,NA,"<10",NA,"2016-10-18 00:00:00.0","BAY#320_SL"
"COLI_E",NA,NA,">24196",NA,"2016-10-17 00:00:00.0","BAY#320_SL"
"COLI_TOTAL",NA,NA,">24196",NA,"2016-10-17 00:00:00.0","BAY#320_SL"
"ENTERO",NA,NA,"8664",NA,"2016-10-17 00:00:00.0","BAY#320_SL"
"COLI_E",NA,NA,">24196",NA,"2016-10-16 00:00:00.0","BAY#320_SL"
"COLI_TOTAL",NA,NA,">24196",NA,"2016-10-16 00:00:00.0","BAY#320_SL"
"ENTERO",NA,NA,">24196",NA,"2016-10-16 00:00:00.0","BAY#320_SL"
"COLI_E",NA,NA,"30",NA,"2016-10-11 00:00:00.0","BAY#320_SL"
"COLI_TOTAL",NA,NA,"345",NA,"2016-10-11 00:00:00.0","BAY#320_SL"
"ENTERO",NA,NA,"<10",NA,"2016-10-11 00:00:00.0","BAY#320_SL"
"COLI_E",NA,NA,"30",NA,"2016-10-03 00:00:00.0","BAY#320_SL"
"COLI_TOTAL",NA,NA,"63",NA,"2016-10-03 00:00:00.0","BAY#320_SL"
"ENTERO",NA,NA,"<10",NA,"2016-10-03 00:00:00.0","BAY#320_SL"
"COLI_E",NA,NA,"10",NA,"2016-09-26 00:00:00.0","BAY#320_SL"
"COLI_TOTAL",NA,NA,"20",NA,"2016-09-26 00:00:00.0","BAY#320_SL"
"ENTERO",NA,NA,"10",NA,"2016-09-26 00:00:00.0","BAY#320_SL"
"COLI_E",NA,NA,"10",NA,"2016-09-19 00:00:00.0","BAY#320_SL"
"COLI_TOTAL",NA,NA,"31",NA,"2016-09-19 00:00:00.0","BAY#320_SL"
"ENTERO",NA,NA,"<10",NA,"2016-09-19 00:00:00.0","BAY#320_SL"
"COLI_E",NA,NA,"20",NA,"2016-09-12 00:00:00.0","BAY#320_SL"
"COLI_TOTAL",NA,NA,"156",NA,"2016-09-12 00:00:00.0","BAY#320_SL"
"ENTERO",NA,NA,"<10",NA,"2016-09-12 00:00:00.0","BAY#320_SL"
"COLI_E",NA,NA,"20",NA,"2016-09-06 00:00:00.0","BAY#320_SL"
"COLI_TOTAL",NA,NA,"683",NA,"2016-09-06 00:00:00.0","BAY#320_SL"
"ENTERO",NA,NA,"<10",NA,"2016-09-06 00:00:00.0","BAY#320_SL"
"COLI_E",NA,NA,"119",NA,"2016-08-29 00:00:00.0","BAY#320_SL"
"COLI_TOTAL",NA,NA,"488",NA,"2016-08-29 00:00:00.0","BAY#320_SL"
"ENTERO",NA,NA,"<10",NA,"2016-08-29 00:00:00.0","BAY#320_SL"
"COLI_E",NA,NA,"31",NA,"2016-08-22 00:00:00.0","BAY#320_SL"
"COLI_TOTAL",NA,NA,"243",NA,"2016-08-22 00:00:00.0","BAY#320_SL"
"ENTERO",NA,NA,"<10",NA,"2016-08-22 00:00:00.0","BAY#320_SL"
"COLI_E",NA,NA,"<10",NA,"2016-08-15 00:00:00.0","BAY#320_SL"
"COLI_TOTAL",NA,NA,"20",NA,"2016-08-15 00:00:00.0","BAY#320_SL"
"ENTERO",NA,NA,"<10",NA,"2016-08-15 00:00:00.0","BAY#320_SL"
"COLI_E",NA,NA,"10",NA,"2016-08-08 00:00:00.0","BAY#320_SL"
"COLI_TOTAL",NA,NA,"631",NA,"2016-08-08 00:00:00.0","BAY#320_SL"
"ENTERO",NA,NA,"10",NA,"2016-08-08 00:00:00.0","BAY#320_SL"
"COLI_E",NA,NA,"<10",NA,"2016-08-01 00:00:00.0","BAY#320_SL"
"COLI_TOTAL",NA,NA,"75",NA,"2016-08-01 00:00:00.0","BAY#320_SL"
"ENTERO",NA,NA,"<10",NA,"2016-08-01 00:00:00.0","BAY#320_SL"
"COLI_E",NA,NA,"<10",NA,"2016-10-24 00:00:00.0","OCEAN#15EAST_SL"
"COLI_TOTAL",NA,NA,"74",NA,"2016-10-24 00:00:00.0","OCEAN#15EAST_SL"
"ENTERO",NA,NA,"<10",NA,"2016-10-24 00:00:00.0","OCEAN#15EAST_SL"
"COLI_E",NA,NA,"75",NA,"2016-10-17 00:00:00.0","OCEAN#15EAST_SL"
"COLI_TOTAL",NA,NA,"218",NA,"2016-10-17 00:00:00.0","OCEAN#15EAST_SL"
"ENTERO",NA,NA,"20",NA,"2016-10-17 00:00:00.0","OCEAN#15EAST_SL"
"COLI_E",NA,NA,"20",NA,"2016-10-16 00:00:00.0","OCEAN#15EAST_SL"
"COLI_TOTAL",NA,NA,"31",NA,"2016-10-16 00:00:00.0","OCEAN#15EAST_SL"
"ENTERO",NA,NA,"<10",NA,"2016-10-16 00:00:00.0","OCEAN#15EAST_SL"
"COLI_E",NA,NA,"<10",NA,"2016-10-11 00:00:00.0","OCEAN#15EAST_SL"
"COLI_TOTAL",NA,NA,"10",NA,"2016-10-11 00:00:00.0","OCEAN#15EAST_SL"
"ENTERO",NA,NA,"10",NA,"2016-10-11 00:00:00.0","OCEAN#15EAST_SL"
"COLI_E",NA,NA,"<10",NA,"2016-10-03 00:00:00.0","OCEAN#15EAST_SL"
"COLI_TOTAL",NA,NA,"<10",NA,"2016-10-03 00:00:00.0","OCEAN#15EAST_SL"
"ENTERO",NA,NA,"<10",NA,"2016-10-03 00:00:00.0","OCEAN#15EAST_SL"
"COLI_E",NA,NA,"<10",NA,"2016-09-26 00:00:00.0","OCEAN#15EAST_SL"
"COLI_TOTAL",NA,NA,"<10",NA,"2016-09-26 00:00:00.0","OCEAN#15EAST_SL"
"ENTERO",NA,NA,"<10",NA,"2016-09-26 00:00:00.0","OCEAN#15EAST_SL"
"COLI_E",NA,NA,"20",NA,"2016-09-20 00:00:00.0","OCEAN#15EAST_SL"
"COLI_TOTAL",NA,NA,"75",NA,"2016-09-20 00:00:00.0","OCEAN#15EAST_SL"
"ENTERO",NA,NA,"<10",NA,"2016-09-20 00:00:00.0","OCEAN#15EAST_SL"
"COLI_E",NA,NA,"<10",NA,"2016-09-19 00:00:00.0","OCEAN#15EAST_SL"
"COLI_TOTAL",NA,NA,"41",NA,"2016-09-19 00:00:00.0","OCEAN#15EAST_SL"
"ENTERO",NA,NA,"<10",NA,"2016-09-19 00:00:00.0","OCEAN#15EAST_SL"
"COLI_E",NA,NA,"10",NA,"2016-09-12 00:00:00.0","OCEAN#15EAST_SL"
"COLI_TOTAL",NA,NA,"122",NA,"2016-09-12 00:00:00.0","OCEAN#15EAST_SL"
"ENTERO",NA,NA,"<10",NA,"2016-09-12 00:00:00.0","OCEAN#15EAST_SL"
"COLI_E",NA,NA,"20",NA,"2016-09-08 00:00:00.0","OCEAN#15EAST_SL"
"COLI_TOTAL",NA,NA,"108",NA,"2016-09-08 00:00:00.0","OCEAN#15EAST_SL"
"ENTERO",NA,NA,"<10",NA,"2016-09-08 00:00:00.0","OCEAN#15EAST_SL"
"COLI_E",NA,NA,"10",NA,"2016-09-07 00:00:00.0","OCEAN#15EAST_SL"
"COLI_TOTAL",NA,NA,"30",NA,"2016-09-07 00:00:00.0","OCEAN#15EAST_SL"
"ENTERO",NA,NA,"<10",NA,"2016-09-07 00:00:00.0","OCEAN#15EAST_SL"
"COLI_E",NA,NA,"20",NA,"2016-09-06 00:00:00.0","OCEAN#15EAST_SL"
"COLI_TOTAL",NA,NA,"282",NA,"2016-09-06 00:00:00.0","OCEAN#15EAST_SL"
"ENTERO",NA,NA,"10",NA,"2016-09-06 00:00:00.0","OCEAN#15EAST_SL"
"COLI_E",NA,NA,"<10",NA,"2016-08-29 00:00:00.0","OCEAN#15EAST_SL"
"COLI_TOTAL",NA,NA,"20",NA,"2016-08-29 00:00:00.0","OCEAN#15EAST_SL"
"ENTERO",NA,NA,"<10",NA,"2016-08-29 00:00:00.0","OCEAN#15EAST_SL"
"COLI_E",NA,NA,"<10",NA,"2016-08-22 00:00:00.0","OCEAN#15EAST_SL"
"COLI_TOTAL",NA,NA,"41",NA,"2016-08-22 00:00:00.0","OCEAN#15EAST_SL"
"ENTERO",NA,NA,"10",NA,"2016-08-22 00:00:00.0","OCEAN#15EAST_SL"
"COLI_E",NA,NA,"<10",NA,"2016-08-15 00:00:00.0","OCEAN#15EAST_SL"
"COLI_TOTAL",NA,NA,"<10",NA,"2016-08-15 00:00:00.0","OCEAN#15EAST_SL"
"ENTERO",NA,NA,"<10",NA,"2016-08-15 00:00:00.0","OCEAN#15EAST_SL"
"COLI_E",NA,NA,"<10",NA,"2016-08-08 00:00:00.0","OCEAN#15EAST_SL"
"COLI_TOTAL",NA,NA,"1017",NA,"2016-08-08 00:00:00.0","OCEAN#15EAST_SL"
"ENTERO",NA,NA,"<10",NA,"2016-08-08 00:00:00.0","OCEAN#15EAST_SL"
"COLI_E",NA,NA,"<10",NA,"2016-08-02 00:00:00.0","OCEAN#15EAST_SL"
"COLI_TOTAL",NA,NA,"20",NA,"2016-08-02 00:00:00.0","OCEAN#15EAST_SL"
"ENTERO",NA,NA,"<10",NA,"2016-08-02 00:00:00.0","OCEAN#15EAST_SL"
"COLI_E",NA,NA,"10",NA,"2016-08-01 00:00:00.0","OCEAN#15EAST_SL"
"COLI_TOTAL",NA,NA,"52",NA,"2016-08-01 00:00:00.0","OCEAN#15EAST_SL"
"ENTERO",NA,NA,"<10",NA,"2016-08-01 00:00:00.0","OCEAN#15EAST_SL"
"COLI_E",NA,NA,"31",NA,"2016-10-24 00:00:00.0","OCEAN#15_SL"
"COLI_TOTAL",NA,NA,"9804",NA,"2016-10-24 00:00:00.0","OCEAN#15_SL"
"ENTERO",NA,NA,"72",NA,"2016-10-24 00:00:00.0","OCEAN#15_SL"
"COLI_E",NA,NA,"86",NA,"2016-10-17 00:00:00.0","OCEAN#15_SL"
"COLI_TOTAL",NA,NA,"231",NA,"2016-10-17 00:00:00.0","OCEAN#15_SL"
"ENTERO",NA,NA,"<10",NA,"2016-10-17 00:00:00.0","OCEAN#15_SL"
"COLI_E",NA,NA,"<10",NA,"2016-10-16 00:00:00.0","OCEAN#15_SL"
"COLI_TOTAL",NA,NA,"246",NA,"2016-10-16 00:00:00.0","OCEAN#15_SL"
"ENTERO",NA,NA,"<10",NA,"2016-10-16 00:00:00.0","OCEAN#15_SL"
"COLI_E",NA,NA,"63",NA,"2016-10-11 00:00:00.0","OCEAN#15_SL"
"COLI_TOTAL",NA,NA,"199",NA,"2016-10-11 00:00:00.0","OCEAN#15_SL"
"ENTERO",NA,NA,"20",NA,"2016-10-11 00:00:00.0","OCEAN#15_SL"
"COLI_E",NA,NA,"10",NA,"2016-10-03 00:00:00.0","OCEAN#15_SL"
"COLI_TOTAL",NA,NA,"146",NA,"2016-10-03 00:00:00.0","OCEAN#15_SL"
"ENTERO",NA,NA,"<10",NA,"2016-10-03 00:00:00.0","OCEAN#15_SL"
"COLI_E",NA,NA,"135",NA,"2016-09-26 00:00:00.0","OCEAN#15_SL"
"COLI_TOTAL",NA,NA,"189",NA,"2016-09-26 00:00:00.0","OCEAN#15_SL"
"ENTERO",NA,NA,"10",NA,"2016-09-26 00:00:00.0","OCEAN#15_SL"
"COLI_E",NA,NA,"110",NA,"2016-09-20 00:00:00.0","OCEAN#15_SL"
"COLI_TOTAL",NA,NA,"546",NA,"2016-09-20 00:00:00.0","OCEAN#15_SL"
"ENTERO",NA,NA,"20",NA,"2016-09-20 00:00:00.0","OCEAN#15_SL"
"COLI_E",NA,NA,"410",NA,"2016-09-19 00:00:00.0","OCEAN#15_SL"
"COLI_TOTAL",NA,NA,"7701",NA,"2016-09-19 00:00:00.0","OCEAN#15_SL"
"ENTERO",NA,NA,"109",NA,"2016-09-19 00:00:00.0","OCEAN#15_SL"
"COLI_E",NA,NA,"20",NA,"2016-09-12 00:00:00.0","OCEAN#15_SL"
"COLI_TOTAL",NA,NA,"350",NA,"2016-09-12 00:00:00.0","OCEAN#15_SL"
"ENTERO",NA,NA,"31",NA,"2016-09-12 00:00:00.0","OCEAN#15_SL"
"COLI_E",NA,NA,"279",NA,"2016-09-08 00:00:00.0","OCEAN#15_SL"
"COLI_TOTAL",NA,NA,"4884",NA,"2016-09-08 00:00:00.0","OCEAN#15_SL"
"ENTERO",NA,NA,"98",NA,"2016-09-08 00:00:00.0","OCEAN#15_SL"
"COLI_E",NA,NA,"171",NA,"2016-09-07 00:00:00.0","OCEAN#15_SL"
"COLI_TOTAL",NA,NA,"5794",NA,"2016-09-07 00:00:00.0","OCEAN#15_SL"
"ENTERO",NA,NA,"122",NA,"2016-09-07 00:00:00.0","OCEAN#15_SL"
"COLI_E",NA,NA,"426",NA,"2016-09-06 00:00:00.0","OCEAN#15_SL"
"COLI_TOTAL",NA,NA,"6867",NA,"2016-09-06 00:00:00.0","OCEAN#15_SL"
"ENTERO",NA,NA,"161",NA,"2016-09-06 00:00:00.0","OCEAN#15_SL"
"COLI_E",NA,NA,"20",NA,"2016-08-29 00:00:00.0","OCEAN#15_SL"
"COLI_TOTAL",NA,NA,"384",NA,"2016-08-29 00:00:00.0","OCEAN#15_SL"
"ENTERO",NA,NA,"41",NA,"2016-08-29 00:00:00.0","OCEAN#15_SL"
"COLI_E",NA,NA,"20",NA,"2016-08-22 00:00:00.0","OCEAN#15_SL"
"COLI_TOTAL",NA,NA,"383",NA,"2016-08-22 00:00:00.0","OCEAN#15_SL"
"ENTERO",NA,NA,"10",NA,"2016-08-22 00:00:00.0","OCEAN#15_SL"
"COLI_E",NA,NA,"10",NA,"2016-08-15 00:00:00.0","OCEAN#15_SL"
"COLI_TOTAL",NA,NA,"218",NA,"2016-08-15 00:00:00.0","OCEAN#15_SL"
"ENTERO",NA,NA,"<10",NA,"2016-08-15 00:00:00.0","OCEAN#15_SL"
"COLI_E",NA,NA,"<10",NA,"2016-08-08 00:00:00.0","OCEAN#15_SL"
"COLI_TOTAL",NA,NA,"2481",NA,"2016-08-08 00:00:00.0","OCEAN#15_SL"
"ENTERO",NA,NA,"<10",NA,"2016-08-08 00:00:00.0","OCEAN#15_SL"
"COLI_E",NA,NA,"20",NA,"2016-08-02 00:00:00.0","OCEAN#15_SL"
"COLI_TOTAL",NA,NA,"211",NA,"2016-08-02 00:00:00.0","OCEAN#15_SL"
"ENTERO",NA,NA,"10",NA,"2016-08-02 00:00:00.0","OCEAN#15_SL"
"COLI_E",NA,NA,"565",NA,"2016-08-01 00:00:00.0","OCEAN#15_SL"
"COLI_TOTAL",NA,NA,"6131",NA,"2016-08-01 00:00:00.0","OCEAN#15_SL"
"ENTERO",NA,NA,"193",NA,"2016-08-01 00:00:00.0","OCEAN#15_SL"
"COLI_E",NA,NA,"<10",NA,"2016-10-24 00:00:00.0","OCEAN#16_SL"
"COLI_TOTAL",NA,NA,"<10",NA,"2016-10-24 00:00:00.0","OCEAN#16_SL"
"ENTERO",NA,NA,"<10",NA,"2016-10-24 00:00:00.0","OCEAN#16_SL"
"COLI_E",NA,NA,"20",NA,"2016-10-17 00:00:00.0","OCEAN#16_SL"
"COLI_TOTAL",NA,NA,"187",NA,"2016-10-17 00:00:00.0","OCEAN#16_SL"
"ENTERO",NA,NA,"10",NA,"2016-10-17 00:00:00.0","OCEAN#16_SL"
"COLI_E",NA,NA,"10",NA,"2016-10-16 00:00:00.0","OCEAN#16_SL"
"COLI_TOTAL",NA,NA,"63",NA,"2016-10-16 00:00:00.0","OCEAN#16_SL"
"ENTERO",NA,NA,"10",NA,"2016-10-16 00:00:00.0","OCEAN#16_SL"
"COLI_E",NA,NA,"41",NA,"2016-10-11 00:00:00.0","OCEAN#16_SL"
"COLI_TOTAL",NA,NA,"63",NA,"2016-10-11 00:00:00.0","OCEAN#16_SL"
"ENTERO",NA,NA,"20",NA,"2016-10-11 00:00:00.0","OCEAN#16_SL"
"COLI_E",NA,NA,"<10",NA,"2016-10-03 00:00:00.0","OCEAN#16_SL"
"COLI_TOTAL",NA,NA,"<10",NA,"2016-10-03 00:00:00.0","OCEAN#16_SL"
"ENTERO",NA,NA,"<10",NA,"2016-10-03 00:00:00.0","OCEAN#16_SL"
"COLI_E",NA,NA,"10",NA,"2016-09-26 00:00:00.0","OCEAN#16_SL"
"COLI_TOTAL",NA,NA,"10",NA,"2016-09-26 00:00:00.0","OCEAN#16_SL"
"ENTERO",NA,NA,"<10",NA,"2016-09-26 00:00:00.0","OCEAN#16_SL"
"COLI_E",NA,NA,"10",NA,"2016-09-19 00:00:00.0","OCEAN#16_SL"
"COLI_TOTAL",NA,NA,"10",NA,"2016-09-19 00:00:00.0","OCEAN#16_SL"
"ENTERO",NA,NA,"10",NA,"2016-09-19 00:00:00.0","OCEAN#16_SL"
"COLI_E",NA,NA,"<10",NA,"2016-09-12 00:00:00.0","OCEAN#16_SL"
"COLI_TOTAL",NA,NA,"10",NA,"2016-09-12 00:00:00.0","OCEAN#16_SL"
"ENTERO",NA,NA,"<10",NA,"2016-09-12 00:00:00.0","OCEAN#16_SL"
"COLI_E",NA,NA,"<10",NA,"2016-09-06 00:00:00.0","OCEAN#16_SL"
"COLI_TOTAL",NA,NA,"<10",NA,"2016-09-06 00:00:00.0","OCEAN#16_SL"
"ENTERO",NA,NA,"<10",NA,"2016-09-06 00:00:00.0","OCEAN#16_SL"
"COLI_E",NA,NA,"<10",NA,"2016-08-29 00:00:00.0","OCEAN#16_SL"
"COLI_TOTAL",NA,NA,"134",NA,"2016-08-29 00:00:00.0","OCEAN#16_SL"
"ENTERO",NA,NA,"10",NA,"2016-08-29 00:00:00.0","OCEAN#16_SL"
"COLI_E",NA,NA,"<10",NA,"2016-08-22 00:00:00.0","OCEAN#16_SL"
"COLI_TOTAL",NA,NA,"<10",NA,"2016-08-22 00:00:00.0","OCEAN#16_SL"
"ENTERO",NA,NA,"<10",NA,"2016-08-22 00:00:00.0","OCEAN#16_SL"
"COLI_E",NA,NA,"<10",NA,"2016-08-15 00:00:00.0","OCEAN#16_SL"
"COLI_TOTAL",NA,NA,"<10",NA,"2016-08-15 00:00:00.0","OCEAN#16_SL"
"ENTERO",NA,NA,"<10",NA,"2016-08-15 00:00:00.0","OCEAN#16_SL"
"COLI_E",NA,NA,"10",NA,"2016-08-08 00:00:00.0","OCEAN#16_SL"
"COLI_TOTAL",NA,NA,"10",NA,"2016-08-08 00:00:00.0","OCEAN#16_SL"
"ENTERO",NA,NA,"<10",NA,"2016-08-08 00:00:00.0","OCEAN#16_SL"
"COLI_E",NA,NA,"<10",NA,"2016-08-01 00:00:00.0","OCEAN#16_SL"
"COLI_TOTAL",NA,NA,"10",NA,"2016-08-01 00:00:00.0","OCEAN#16_SL"
"ENTERO",NA,NA,"<10",NA,"2016-08-01 00:00:00.0","OCEAN#16_SL"
"COLI_E",NA,NA,"10",NA,"2016-10-25 00:00:00.0","OCEAN#17_SL"
"COLI_TOTAL",NA,NA,"10",NA,"2016-10-25 00:00:00.0","OCEAN#17_SL"
"ENTERO",NA,NA,"<10",NA,"2016-10-25 00:00:00.0","OCEAN#17_SL"
"COLI_E",NA,NA,"185",NA,"2016-10-24 00:00:00.0","OCEAN#17_SL"
"COLI_TOTAL",NA,NA,"373",NA,"2016-10-24 00:00:00.0","OCEAN#17_SL"
"ENTERO",NA,NA,"441",NA,"2016-10-24 00:00:00.0","OCEAN#17_SL"
"COLI_E",NA,NA,"213",NA,"2016-10-17 00:00:00.0","OCEAN#17_SL"
"COLI_TOTAL",NA,NA,"933",NA,"2016-10-17 00:00:00.0","OCEAN#17_SL"
"ENTERO",NA,NA,"30",NA,"2016-10-17 00:00:00.0","OCEAN#17_SL"
"COLI_E",NA,NA,"20",NA,"2016-10-11 00:00:00.0","OCEAN#17_SL"
"COLI_TOTAL",NA,NA,"52",NA,"2016-10-11 00:00:00.0","OCEAN#17_SL"
"ENTERO",NA,NA,"<10",NA,"2016-10-11 00:00:00.0","OCEAN#17_SL"
"COLI_E",NA,NA,"10",NA,"2016-10-03 00:00:00.0","OCEAN#17_SL"
"COLI_TOTAL",NA,NA,"10",NA,"2016-10-03 00:00:00.0","OCEAN#17_SL"
"ENTERO",NA,NA,"10",NA,"2016-10-03 00:00:00.0","OCEAN#17_SL"
"COLI_E",NA,NA,"<10",NA,"2016-09-26 00:00:00.0","OCEAN#17_SL"
"COLI_TOTAL",NA,NA,"<10",NA,"2016-09-26 00:00:00.0","OCEAN#17_SL"
"ENTERO",NA,NA,"<10",NA,"2016-09-26 00:00:00.0","OCEAN#17_SL"
"COLI_E",NA,NA,"10",NA,"2016-09-19 00:00:00.0","OCEAN#17_SL"
"COLI_TOTAL",NA,NA,"10",NA,"2016-09-19 00:00:00.0","OCEAN#17_SL"
"ENTERO",NA,NA,"<10",NA,"2016-09-19 00:00:00.0","OCEAN#17_SL"
"COLI_E",NA,NA,"10",NA,"2016-09-12 00:00:00.0","OCEAN#17_SL"
"COLI_TOTAL",NA,NA,"20",NA,"2016-09-12 00:00:00.0","OCEAN#17_SL"
"ENTERO",NA,NA,"<10",NA,"2016-09-12 00:00:00.0","OCEAN#17_SL"
"COLI_E",NA,NA,"<10",NA,"2016-09-06 00:00:00.0","OCEAN#17_SL"
"COLI_TOTAL",NA,NA,"<10",NA,"2016-09-06 00:00:00.0","OCEAN#17_SL"
"ENTERO",NA,NA,"<10",NA,"2016-09-06 00:00:00.0","OCEAN#17_SL"
"COLI_E",NA,NA,"<10",NA,"2016-08-29 00:00:00.0","OCEAN#17_SL"
"COLI_TOTAL",NA,NA,"10",NA,"2016-08-29 00:00:00.0","OCEAN#17_SL"
"ENTERO",NA,NA,"<10",NA,"2016-08-29 00:00:00.0","OCEAN#17_SL"
"COLI_E",NA,NA,"<10",NA,"2016-08-26 00:00:00.0","OCEAN#17_SL"
"COLI_TOTAL",NA,NA,"<10",NA,"2016-08-26 00:00:00.0","OCEAN#17_SL"
"ENTERO",NA,NA,"<10",NA,"2016-08-26 00:00:00.0","OCEAN#17_SL"
"COLI_E",NA,NA,"<10",NA,"2016-08-15 00:00:00.0","OCEAN#17_SL"
"COLI_TOTAL",NA,NA,"10",NA,"2016-08-15 00:00:00.0","OCEAN#17_SL"
"ENTERO",NA,NA,"<10",NA,"2016-08-15 00:00:00.0","OCEAN#17_SL"
"COLI_E",NA,NA,"10",NA,"2016-08-08 00:00:00.0","OCEAN#17_SL"
"COLI_TOTAL",NA,NA,"10",NA,"2016-08-08 00:00:00.0","OCEAN#17_SL"
"ENTERO",NA,NA,"10",NA,"2016-08-08 00:00:00.0","OCEAN#17_SL"
"COLI_E",NA,NA,"<10",NA,"2016-08-01 00:00:00.0","OCEAN#17_SL"
"COLI_TOTAL",NA,NA,"<10",NA,"2016-08-01 00:00:00.0","OCEAN#17_SL"
"ENTERO",NA,NA,"<10",NA,"2016-08-01 00:00:00.0","OCEAN#17_SL"
"COLI_E",NA,NA,"<10",NA,"2016-10-24 00:00:00.0","OCEAN#18_SL"
"COLI_TOTAL",NA,NA,"<10",NA,"2016-10-24 00:00:00.0","OCEAN#18_SL"
"ENTERO",NA,NA,"<10",NA,"2016-10-24 00:00:00.0","OCEAN#18_SL"
"COLI_E",NA,NA,"31",NA,"2016-10-18 00:00:00.0","OCEAN#18_SL"
"COLI_TOTAL",NA,NA,"132",NA,"2016-10-18 00:00:00.0","OCEAN#18_SL"
"ENTERO",NA,NA,"10",NA,"2016-10-18 00:00:00.0","OCEAN#18_SL"
"COLI_E",NA,NA,"331",NA,"2016-10-17 00:00:00.0","OCEAN#18_SL"
"COLI_TOTAL",NA,NA,"670",NA,"2016-10-17 00:00:00.0","OCEAN#18_SL"
"ENTERO",NA,NA,"134",NA,"2016-10-17 00:00:00.0","OCEAN#18_SL"
"COLI_E",NA,NA,"<10",NA,"2016-10-11 00:00:00.0","OCEAN#18_SL"
"COLI_TOTAL",NA,NA,"10",NA,"2016-10-11 00:00:00.0","OCEAN#18_SL"
"ENTERO",NA,NA,"10",NA,"2016-10-11 00:00:00.0","OCEAN#18_SL"
"COLI_E",NA,NA,"<10",NA,"2016-10-03 00:00:00.0","OCEAN#18_SL"
"COLI_TOTAL",NA,NA,"<10",NA,"2016-10-03 00:00:00.0","OCEAN#18_SL"
"ENTERO",NA,NA,"<10",NA,"2016-10-03 00:00:00.0","OCEAN#18_SL"
"COLI_E",NA,NA,"<10",NA,"2016-09-26 00:00:00.0","OCEAN#18_SL"
"COLI_TOTAL",NA,NA,"<10",NA,"2016-09-26 00:00:00.0","OCEAN#18_SL"
"ENTERO",NA,NA,"<10",NA,"2016-09-26 00:00:00.0","OCEAN#18_SL"
"COLI_E",NA,NA,"<10",NA,"2016-09-19 00:00:00.0","OCEAN#18_SL"
"COLI_TOTAL",NA,NA,"10",NA,"2016-09-19 00:00:00.0","OCEAN#18_SL"
"ENTERO",NA,NA,"<10",NA,"2016-09-19 00:00:00.0","OCEAN#18_SL"
"COLI_E",NA,NA,"<10",NA,"2016-09-12 00:00:00.0","OCEAN#18_SL"
"COLI_TOTAL",NA,NA,"<10",NA,"2016-09-12 00:00:00.0","OCEAN#18_SL"
"ENTERO",NA,NA,"<10",NA,"2016-09-12 00:00:00.0","OCEAN#18_SL"
"COLI_E",NA,NA,"<10",NA,"2016-09-06 00:00:00.0","OCEAN#18_SL"
"COLI_TOTAL",NA,NA,"<10",NA,"2016-09-06 00:00:00.0","OCEAN#18_SL"
"ENTERO",NA,NA,"<10",NA,"2016-09-06 00:00:00.0","OCEAN#18_SL"
"COLI_E",NA,NA,"<10",NA,"2016-08-29 00:00:00.0","OCEAN#18_SL"
"COLI_TOTAL",NA,NA,"10",NA,"2016-08-29 00:00:00.0","OCEAN#18_SL"
"ENTERO",NA,NA,"<10",NA,"2016-08-29 00:00:00.0","OCEAN#18_SL"
"COLI_E",NA,NA,"<10",NA,"2016-08-22 00:00:00.0","OCEAN#18_SL"
"COLI_TOTAL",NA,NA,"<10",NA,"2016-08-22 00:00:00.0","OCEAN#18_SL"
"ENTERO",NA,NA,"<10",NA,"2016-08-22 00:00:00.0","OCEAN#18_SL"
"COLI_E",NA,NA,"<10",NA,"2016-08-15 00:00:00.0","OCEAN#18_SL"
"COLI_TOTAL",NA,NA,"10",NA,"2016-08-15 00:00:00.0","OCEAN#18_SL"
"ENTERO",NA,NA,"<10",NA,"2016-08-15 00:00:00.0","OCEAN#18_SL"
"COLI_E",NA,NA,"10",NA,"2016-08-08 00:00:00.0","OCEAN#18_SL"
"COLI_TOTAL",NA,NA,"10",NA,"2016-08-08 00:00:00.0","OCEAN#18_SL"
"ENTERO",NA,NA,"<10",NA,"2016-08-08 00:00:00.0","OCEAN#18_SL"
"COLI_E",NA,NA,"<10",NA,"2016-08-01 00:00:00.0","OCEAN#18_SL"
"COLI_TOTAL",NA,NA,"<10",NA,"2016-08-01 00:00:00.0","OCEAN#18_SL"
"ENTERO",NA,NA,"<10",NA,"2016-08-01 00:00:00.0","OCEAN#18_SL"
"COLI_E",NA,NA,"<10",NA,"2016-10-24 00:00:00.0","OCEAN#19_SL"
"COLI_TOTAL",NA,NA,"<10",NA,"2016-10-24 00:00:00.0","OCEAN#19_SL"
"ENTERO",NA,NA,"<10",NA,"2016-10-24 00:00:00.0","OCEAN#19_SL"
"COLI_E",NA,NA,"20",NA,"2016-10-17 00:00:00.0","OCEAN#19_SL"
"COLI_TOTAL",NA,NA,"132",NA,"2016-10-17 00:00:00.0","OCEAN#19_SL"
"ENTERO",NA,NA,"31",NA,"2016-10-17 00:00:00.0","OCEAN#19_SL"
"COLI_E",NA,NA,"20",NA,"2016-10-11 00:00:00.0","OCEAN#19_SL"
"COLI_TOTAL",NA,NA,"20",NA,"2016-10-11 00:00:00.0","OCEAN#19_SL"
"ENTERO",NA,NA,"10",NA,"2016-10-11 00:00:00.0","OCEAN#19_SL"
"COLI_E",NA,NA,"<10",NA,"2016-10-03 00:00:00.0","OCEAN#19_SL"
"COLI_TOTAL",NA,NA,"<10",NA,"2016-10-03 00:00:00.0","OCEAN#19_SL"
"ENTERO",NA,NA,"<10",NA,"2016-10-03 00:00:00.0","OCEAN#19_SL"
"COLI_E",NA,NA,"<10",NA,"2016-09-26 00:00:00.0","OCEAN#19_SL"
"COLI_TOTAL",NA,NA,"<10",NA,"2016-09-26 00:00:00.0","OCEAN#19_SL"
"ENTERO",NA,NA,"<10",NA,"2016-09-26 00:00:00.0","OCEAN#19_SL"
"COLI_E",NA,NA,"<10",NA,"2016-09-19 00:00:00.0","OCEAN#19_SL"
"COLI_TOTAL",NA,NA,"10",NA,"2016-09-19 00:00:00.0","OCEAN#19_SL"
"ENTERO",NA,NA,"<10",NA,"2016-09-19 00:00:00.0","OCEAN#19_SL"
"COLI_E",NA,NA,"<10",NA,"2016-09-12 00:00:00.0","OCEAN#19_SL"
"COLI_TOTAL",NA,NA,"<10",NA,"2016-09-12 00:00:00.0","OCEAN#19_SL"
"ENTERO",NA,NA,"<10",NA,"2016-09-12 00:00:00.0","OCEAN#19_SL"
"COLI_E",NA,NA,"<10",NA,"2016-09-06 00:00:00.0","OCEAN#19_SL"
"COLI_TOTAL",NA,NA,"10",NA,"2016-09-06 00:00:00.0","OCEAN#19_SL"
"ENTERO",NA,NA,"<10",NA,"2016-09-06 00:00:00.0","OCEAN#19_SL"
"COLI_E",NA,NA,"<10",NA,"2016-08-29 00:00:00.0","OCEAN#19_SL"
"COLI_TOTAL",NA,NA,"<10",NA,"2016-08-29 00:00:00.0","OCEAN#19_SL"
"ENTERO",NA,NA,"<10",NA,"2016-08-29 00:00:00.0","OCEAN#19_SL"
"COLI_E",NA,NA,"<10",NA,"2016-08-22 00:00:00.0","OCEAN#19_SL"
"COLI_TOTAL",NA,NA,"<10",NA,"2016-08-22 00:00:00.0","OCEAN#19_SL"
"ENTERO",NA,NA,"<10",NA,"2016-08-22 00:00:00.0","OCEAN#19_SL"
"COLI_E",NA,NA,"10",NA,"2016-08-15 00:00:00.0","OCEAN#19_SL"
"COLI_TOTAL",NA,NA,"10",NA,"2016-08-15 00:00:00.0","OCEAN#19_SL"
"ENTERO",NA,NA,"<10",NA,"2016-08-15 00:00:00.0","OCEAN#19_SL"
"COLI_E",NA,NA,"10",NA,"2016-08-08 00:00:00.0","OCEAN#19_SL"
"COLI_TOTAL",NA,NA,"10",NA,"2016-08-08 00:00:00.0","OCEAN#19_SL"
"ENTERO",NA,NA,"<10",NA,"2016-08-08 00:00:00.0","OCEAN#19_SL"
"COLI_E",NA,NA,"<10",NA,"2016-08-01 00:00:00.0","OCEAN#19_SL"
"COLI_TOTAL",NA,NA,"10",NA,"2016-08-01 00:00:00.0","OCEAN#19_SL"
"ENTERO",NA,NA,"<10",NA,"2016-08-01 00:00:00.0","OCEAN#19_SL"
"COLI_E",NA,NA,"<10",NA,"2016-10-24 00:00:00.0","OCEAN#21.1_SL"
"COLI_TOTAL",NA,NA,"31",NA,"2016-10-24 00:00:00.0","OCEAN#21.1_SL"
"ENTERO",NA,NA,"<10",NA,"2016-10-24 00:00:00.0","OCEAN#21.1_SL"
"COLI_E",NA,NA,"<10",NA,"2016-10-17 00:00:00.0","OCEAN#21.1_SL"
"COLI_TOTAL",NA,NA,"173",NA,"2016-10-17 00:00:00.0","OCEAN#21.1_SL"
"ENTERO",NA,NA,"<10",NA,"2016-10-17 00:00:00.0","OCEAN#21.1_SL"
"COLI_E",NA,NA,"<10",NA,"2016-10-11 00:00:00.0","OCEAN#21.1_SL"
"COLI_TOTAL",NA,NA,"<10",NA,"2016-10-11 00:00:00.0","OCEAN#21.1_SL"
"ENTERO",NA,NA,"<10",NA,"2016-10-11 00:00:00.0","OCEAN#21.1_SL"
"COLI_E",NA,NA,"<10",NA,"2016-10-03 00:00:00.0","OCEAN#21.1_SL"
"COLI_TOTAL",NA,NA,"<10",NA,"2016-10-03 00:00:00.0","OCEAN#21.1_SL"
"ENTERO",NA,NA,"<10",NA,"2016-10-03 00:00:00.0","OCEAN#21.1_SL"
"COLI_E",NA,NA,"<10",NA,"2016-09-26 00:00:00.0","OCEAN#21.1_SL"
"COLI_TOTAL",NA,NA,"<10",NA,"2016-09-26 00:00:00.0","OCEAN#21.1_SL"
"ENTERO",NA,NA,"10",NA,"2016-09-26 00:00:00.0","OCEAN#21.1_SL"
"COLI_E",NA,NA,"<10",NA,"2016-09-19 00:00:00.0","OCEAN#21.1_SL"
"COLI_TOTAL",NA,NA,"<10",NA,"2016-09-19 00:00:00.0","OCEAN#21.1_SL"
"ENTERO",NA,NA,"<10",NA,"2016-09-19 00:00:00.0","OCEAN#21.1_SL"
"COLI_E",NA,NA,"<10",NA,"2016-09-12 00:00:00.0","OCEAN#21.1_SL"
"COLI_TOTAL",NA,NA,"<10",NA,"2016-09-12 00:00:00.0","OCEAN#21.1_SL"
"ENTERO",NA,NA,"<10",NA,"2016-09-12 00:00:00.0","OCEAN#21.1_SL"
"COLI_E",NA,NA,"<10",NA,"2016-09-06 00:00:00.0","OCEAN#21.1_SL"
"COLI_TOTAL",NA,NA,"<10",NA,"2016-09-06 00:00:00.0","OCEAN#21.1_SL"
"ENTERO",NA,NA,"<10",NA,"2016-09-06 00:00:00.0","OCEAN#21.1_SL"
"COLI_E",NA,NA,"<10",NA,"2016-08-29 00:00:00.0","OCEAN#21.1_SL"
"COLI_TOTAL",NA,NA,"<10",NA,"2016-08-29 00:00:00.0","OCEAN#21.1_SL"
"ENTERO",NA,NA,"<10",NA,"2016-08-29 00:00:00.0","OCEAN#21.1_SL"
"COLI_E",NA,NA,"<10",NA,"2016-08-22 00:00:00.0","OCEAN#21.1_SL"
"COLI_TOTAL",NA,NA,"10",NA,"2016-08-22 00:00:00.0","OCEAN#21.1_SL"
"ENTERO",NA,NA,"<10",NA,"2016-08-22 00:00:00.0","OCEAN#21.1_SL"
"COLI_E",NA,NA,"<10",NA,"2016-08-15 00:00:00.0","OCEAN#21.1_SL"
"COLI_TOTAL",NA,NA,"10",NA,"2016-08-15 00:00:00.0","OCEAN#21.1_SL"
"ENTERO",NA,NA,"<10",NA,"2016-08-15 00:00:00.0","OCEAN#21.1_SL"
"COLI_E",NA,NA,"10",NA,"2016-08-08 00:00:00.0","OCEAN#21.1_SL"
"COLI_TOTAL",NA,NA,"10",NA,"2016-08-08 00:00:00.0","OCEAN#21.1_SL"
"ENTERO",NA,NA,"<10",NA,"2016-08-08 00:00:00.0","OCEAN#21.1_SL"
"COLI_E",NA,NA,"<10",NA,"2016-08-01 00:00:00.0","OCEAN#21.1_SL"
"COLI_TOTAL",NA,NA,"<10",NA,"2016-08-01 00:00:00.0","OCEAN#21.1_SL"
"ENTERO",NA,NA,"<10",NA,"2016-08-01 00:00:00.0","OCEAN#21.1_SL"
